Pclass,Sex,avg_siblings_spouses,avg_parents_children,avg_family_size,passenger_count
1,female,0.5555555555555556,0.4722222222222222,1.0277777777777777,144
1,male,0.3407821229050279,0.27932960893854747,0.6201117318435754,179
2,female,0.5,0.6509433962264151,1.150943396226415,106
2,male,0.32748538011695905,0.19298245614035087,0.52046783625731,171
3,female,0.7916666666666666,0.7314814814814815,1.5231481481481481,216
3,male,0.47058823529411764,0.25557809330628806,0.7261663286004056,493
